<?xml version="1.0" encoding="UTF-8"?>
<beans:beans xmlns="http://www.springframework.org/schema/integration"
	xmlns:xsi="http://www.w3.org/2001/XMLSchema-instance"
	xmlns:beans="http://www.springframework.org/schema/beans"
	xsi:schemaLocation="http://www.springframework.org/schema/beans
			http://www.springframework.org/schema/beans/spring-beans.xsd
			http://www.springframework.org/schema/integration
			http://www.springframework.org/schema/integration/spring-integration.xsd">

	<channel id="wharehousechannel"/>
	<channel id="shippingchannel"/>
	<channel id="domesticshippingchannel"/>
	<channel id="internationalshippingchannel"/>


	<router method="route" input-channel="shippingchannel">
		<beans:bean class="esb.OrderRouter" />
	</router>

	<router method="route" input-channel="domesticshippingchannel">
		<beans:bean class="esb.DomesticOrderRouter" />
	</router>

	<service-activator input-channel="wharehousechannel"
					   output-channel="shippingchannel"
	                   ref="warehouseservice"
	                   method="checkStock"/>
	                   
<!--	<service-activator input-channel="shippingchannel"-->
<!--	                   ref="shippingservice"-->
<!--	                   method="ship"/>-->
	<service-activator input-channel="nextdayshippingchannel"
					   ref="nextdayshippingservice"
					   method="ship" />

	<service-activator input-channel="normalshippingchannel"
					   ref="normalshippingservice"
					   method="ship" />

	<service-activator input-channel="internationalshippingchannel"
					   ref="internationalshippingservice"
					   method="ship" />
	                   
	<beans:bean id="warehouseservice" class="esb.WarehouseActivator"/>
	<beans:bean id="normalshippingservice" class="esb.NormalShippingActivator"/>
	<beans:bean id="nextdayshippingservice" class="esb.NextDayShippingActivator"/>
	<beans:bean id="internationalshippingservice" class="esb.InternationalShippingActivator" />


</beans:beans>
